"Ryan Orsinger","15 McLennan Oak","San Antonio",TX,78240
"Timothy Leary","spaced-out lane",Atlantis,Confusion,waka-waka
"Timothy Leary","spaced-out lane",Atlantis,Confusion,waka-waka
"Bilbo Baggins","1234 Bag End",Riverrun,Wherever,77777
"Ryan Orsinger","15 McLennan Oak","San Antonio",TX,78240
"Timothy Leary","spaced-out lane",Atlantis,Confusion,waka-waka
"Timothy Leary","spaced-out lane",Atlantis,Confusion,waka-waka
"Ryan Orsinger","15 McLennan Oak","San Antonio",TX,78240
"Timothy Leary","spaced-out lane",Atlantis,Confusion,waka-waka
"Timothy Leary","spaced-out lane",Atlantis,Confusion,waka-waka
"Bilbo Baggins","1234 Bag End",Riverrun,Wherever,77777
"Ryan Orsinger","15 McLennan Oak","San Antonio",TX,78240
"Timothy Leary","spaced-out lane",Atlantis,Confusion,waka-waka
"Timothy Leary","spaced-out lane",Atlantis,Confusion,waka-waka
